Source,Destination,PathLength,PathConnections
2489678.07805_697406.176857,2490952.07805_696720.176857,None,nan
2490952.07805_696720.176857,2489678.07805_697406.176857,0.0,2490952.07805_696720.176857,2490854.07805_696720.176857,2490756.07805_696818.176857,2490658.07805_696916.176857,2490560.07805_697014.176857,2490462.07805_697112.176857,2490364.07805_697210.176857,2490266.07805_697308.176857,2490168.07805_697406.176857,2490070.07805_697504.176857,2489972.07805_697504.176857,2489874.07805_697504.176857,2489776.07805_697504.176857,2489678.07805_697406.176857,
